"X.2","X.1","sample","scientific","maxn","family","genus","species","campaignid","dataset","planned.or.exploratory","latitude","longitude","date","time","location","status","site","depth","observer","successful.count","successful.length","id","unique.name","full.name","X","cluster","cluster.new","number","n","coords.x1","coords.x2","class","depth.1","slope","aspect","roughness","tpi","flowdir","detrended.bathy","detr.slope","detr.flowdir","detr.tri","detr.tpi","detr.aspect","SSTmean_SSTARRS","SSTsterr_SSTARRS","SSTtrend_SSTARRS","optional"
1,1,"10","Aplodactylidae Aplodactylus westralis",0,"Aplodactylidae","Aplodactylus","westralis","2020-06_south-west_stereo-BRUVs",NA,"MBH",-34.117294,114.918685,20200602,"11:51:00","South-west","No-take",NA,45.7,"Hayley","Yes",NA,"2020-06_south-west_stereo-BRUVs.10","Aplodactylidae Aplodactylus westralis","Aplodactylus westralis",NA,NA,NA,NA,NA,NA,NA,NA,-44,0.000706261,2.265622139,1,-0.25,32,15.75673008,0.003501421,1,0.590085924,-0.25,1.633253813,19.76408768,0.018714249,0.23706001,TRUE
2,2,"11","Aplodactylidae Aplodactylus westralis",0,"Aplodactylidae","Aplodactylus","westralis","2020-06_south-west_stereo-BRUVs",NA,"MBH",-34.117752,114.92306,20200602,"13:55:00","South-west","No-take",NA,45.08,"Hayley","Yes",NA,"2020-06_south-west_stereo-BRUVs.11","Aplodactylidae Aplodactylus westralis","Aplodactylus westralis",NA,NA,NA,NA,NA,NA,NA,NA,-44,0.000706273,2.265607595,1,0.25,4,14.46097183,0.003501524,1,0.760128856,0.25,1.633252025,19.76408768,0.018714249,0.23706001,TRUE
3,3,"12","Aplodactylidae Aplodactylus westralis",0,"Aplodactylidae","Aplodactylus","westralis","2020-06_south-west_stereo-BRUVs",NA,"MBH",-34.132262,114.928545,20200602,"12:03:00","South-west","No-take",NA,40.1,"Hayley","Yes",NA,"2020-06_south-west_stereo-BRUVs.12","Aplodactylidae Aplodactylus westralis","Aplodactylus westralis",NA,NA,NA,NA,NA,NA,NA,NA,-36,0.013744654,2.1642735,8,1.25,1,21.42355537,0.016166771,1,3.30779314,1.25,2.049916267,19.76408768,0.018714249,0.23706001,TRUE
4,4,"13","Aplodactylidae Aplodactylus westralis",0,"Aplodactylidae","Aplodactylus","westralis","2020-06_south-west_stereo-BRUVs",NA,"Captains pick",-34.128506,114.930547,20200602,"12:09:00","South-west","No-take",NA,45.2,"Hayley","Yes",NA,"2020-06_south-west_stereo-BRUVs.13","Aplodactylidae Aplodactylus westralis","Aplodactylus westralis",NA,NA,NA,NA,NA,NA,NA,NA,-40,0.023006301,1.312464952,14,1.25,1,16.67879677,0.02592417,1,4.372378349,1.25,1.332844019,19.76408768,0.018714249,0.23706001,TRUE
5,5,"14","Aplodactylidae Aplodactylus westralis",0,"Aplodactylidae","Aplodactylus","westralis","2020-06_south-west_stereo-BRUVs",NA,"Captains pick",-34.128381,114.925457,20200602,"12:16:00","South-west","No-take",NA,35,"Hayley","Yes",NA,"2020-06_south-west_stereo-BRUVs.14","Aplodactylidae Aplodactylus westralis","Aplodactylus westralis",NA,NA,NA,NA,NA,NA,NA,NA,-33,0.008574096,5.824266434,8,4.25,16,25.0391407,0.00796563,16,4.25,4.25,6.176815987,19.76408768,0.018714249,0.23706001,TRUE
6,6,"15","Aplodactylidae Aplodactylus westralis",0,"Aplodactylidae","Aplodactylus","westralis","2020-06_south-west_stereo-BRUVs",NA,"Captains pick",-34.125012,114.91032,20200602,"14:09:00","South-west","No-take",NA,43,"Hayley","Yes",NA,"2020-06_south-west_stereo-BRUVs.15","Aplodactylidae Aplodactylus westralis","Aplodactylus westralis",NA,NA,NA,NA,NA,NA,NA,NA,-40,0.004866651,3.874378204,4,1.25,16,22.05558586,0.003397377,16,1.313810706,1.25,3.230928183,19.81408691,0.018714249,0.187060013,TRUE
7,7,"16","Aplodactylidae Aplodactylus westralis",0,"Aplodactylidae","Aplodactylus","westralis","2020-06_south-west_stereo-BRUVs",NA,"Captains pick",-34.126181,114.906548,20200602,"14:14:00","South-west","No-take",NA,40.9,"Hayley","Yes",NA,"2020-06_south-west_stereo-BRUVs.16","Aplodactylidae Aplodactylus westralis","Aplodactylus westralis",NA,NA,NA,NA,NA,NA,NA,NA,-43,0.002170354,4.712388992,1,-0.375,4,20.41592979,0.000816227,64,0.391146332,-0.375,1.280497074,19.81408691,0.018714249,0.187060013,TRUE
8,8,"17","Aplodactylidae Aplodactylus westralis",0,"Aplodactylidae","Aplodactylus","westralis","2020-06_south-west_stereo-BRUVs",NA,"Captains pick",-34.132142,114.92083,20200602,"14:20:00","South-west","No-take",NA,40.2,"Hayley","Yes",NA,"2020-06_south-west_stereo-BRUVs.17","Aplodactylidae Aplodactylus westralis","Aplodactylus westralis",NA,NA,NA,NA,NA,NA,NA,NA,-37,0.007183209,4.522400379,4,0.875,16,22.46406937,0.004252388,16,1.188810706,0.875,4.445153236,19.76408768,0.018714249,0.23706001,TRUE
9,9,"18","Aplodactylidae Aplodactylus westralis",0,"Aplodactylidae","Aplodactylus","westralis","2020-06_south-west_stereo-BRUVs",NA,"Captains pick",-34.128679,114.924078,20200602,"14:25:00","South-west","No-take",NA,35.8,"Hayley","Yes","18 left converted wrong. Check BU to convert again","2020-06_south-west_stereo-BRUVs.18","Aplodactylidae Aplodactylus westralis","Aplodactylus westralis",NA,NA,NA,NA,NA,NA,NA,NA,-36,0.00973196,5.622971535,9,1.5,32,22.71931267,0.008475398,32,2.34610343,1.5,5.91934967,19.76408768,0.018714249,0.23706001,TRUE
10,10,"20","Aplodactylidae Aplodactylus westralis",0,"Aplodactylidae","Aplodactylus","westralis","2020-06_south-west_stereo-BRUVs",NA,"MBH",-34.130219,114.820233,20200603,"8:16:00","South-west","No-take",NA,51.7,"Hayley","Yes",NA,"2020-06_south-west_stereo-BRUVs.20","Aplodactylidae Aplodactylus westralis","Aplodactylus westralis",NA,NA,NA,NA,NA,NA,NA,NA,-50,0.002825332,4.017650604,2,-0.25,8,36.67094421,0.001758595,2,0.467707366,-0.25,2.680707216,20.05408669,0.018714249,0.177060023,TRUE
11,11,"21","Aplodactylidae Aplodactylus westralis",0,"Aplodactylidae","Aplodactylus","westralis","2020-06_south-west_stereo-BRUVs",NA,"MBH",-34.128151,114.817448,20200603,"8:24:00","South-west","No-take",NA,52.4,"Hayley","Yes",NA,"2020-06_south-west_stereo-BRUVs.21","Aplodactylidae Aplodactylus westralis","Aplodactylus westralis",NA,NA,NA,NA,NA,NA,NA,NA,-51,0.004340816,4.712388992,2,0,16,36.96670151,0.001407845,16,0.256017476,7.11e-14,4.879113197,20.11408806,0.018714249,0.177060023,TRUE
12,12,"22","Aplodactylidae Aplodactylus westralis",0,"Aplodactylidae","Aplodactylus","westralis","2020-06_south-west_stereo-BRUVs",NA,"MBH",-34.126271,114.819552,20200603,"8:32:00","South-west","No-take",NA,51.9,"Hayley","Yes",NA,"2020-06_south-west_stereo-BRUVs.22","Aplodactylidae Aplodactylus westralis","Aplodactylus westralis",NA,NA,NA,NA,NA,NA,NA,NA,-50,0.004340688,4.712388992,2,0,16,37.2219429,0.001407804,16,0.256017476,-7.11e-14,4.879117966,20.05408669,0.018714249,0.177060023,TRUE
13,13,"23","Aplodactylidae Aplodactylus westralis",0,"Aplodactylidae","Aplodactylus","westralis","2020-06_south-west_stereo-BRUVs",NA,"MBH",-34.124217,114.817017,20200603,"8:38:00","South-west","No-take",NA,51.3,"Hayley","Yes",NA,"2020-06_south-west_stereo-BRUVs.23","Aplodactylidae Aplodactylus westralis","Aplodactylus westralis",NA,NA,NA,NA,NA,NA,NA,NA,-51,0.004340559,4.712388992,2,0,16,36.83753204,0.001407764,16,0.256017476,0,4.879122734,20.11408806,0.018714249,0.177060023,TRUE
14,14,"24","Aplodactylidae Aplodactylus westralis",1,"Aplodactylidae","Aplodactylus","westralis","2020-06_south-west_stereo-BRUVs",NA,"MBH",-34.118739,114.826402,20200603,"8:47:00","South-west","No-take",NA,49.8,"Hayey","Yes",NA,"2020-06_south-west_stereo-BRUVs.24","Aplodactylidae Aplodactylus westralis","Aplodactylus westralis",NA,NA,NA,NA,NA,NA,NA,NA,-48,0.001412546,4.017577648,2,0,8,36.9876709,0.001983908,1,0.40389663,-6.39e-14,1.915679455,20.05408669,0.018714249,0.177060023,TRUE
15,15,"25","Aplodactylidae Aplodactylus westralis",0,"Aplodactylidae","Aplodactylus","westralis","2020-06_south-west_stereo-BRUVs",NA,"MBH",-34.116829,114.828432,20200603,"8:54:00","South-west","No-take",NA,48.4,"Hayley","Yes",NA,"2020-06_south-west_stereo-BRUVs.25","Aplodactylidae Aplodactylus westralis","Aplodactylus westralis",NA,NA,NA,NA,NA,NA,NA,NA,-47,0.002351,4.317534924,1,0.5,16,37.24291611,0.001030232,1,0.5,0.5,2.279763937,20.03408813,0.018714249,0.167060018,TRUE
16,16,"26","Aplodactylidae Aplodactylus westralis",0,"Aplodactylidae","Aplodactylus","westralis","2020-06_south-west_stereo-BRUVs",NA,"MBH",-34.120881,114.828907,20200603,"9:02:00","South-west","No-take",NA,48.4,"Hayley","Yes",NA,"2020-06_south-west_stereo-BRUVs.26","Aplodactylidae Aplodactylus westralis","Aplodactylus westralis",NA,NA,NA,NA,NA,NA,NA,NA,-48,0.002170226,4.712388992,1,-0.375,64,36.37208557,0.000816182,64,0.391146332,-0.375,1.280480862,20.05408669,0.018714249,0.177060023,TRUE
17,17,"27","Aplodactylidae Aplodactylus westralis",0,"Aplodactylidae","Aplodactylus","westralis","2020-06_south-west_stereo-BRUVs",NA,"MBH",-34.121824,114.832898,20200603,"10:19:00","South-west","No-take",NA,47.8,"Hayley","Yes",NA,"2020-06_south-west_stereo-BRUVs.27","Aplodactylidae Aplodactylus westralis","Aplodactylus westralis",NA,NA,NA,NA,NA,NA,NA,NA,-47,0.001689314,4.441411495,1,-0.25,8,36.01174164,0.001342493,2,0.420042962,-0.25,1.734317183,20.05408669,0.018714249,0.177060023,TRUE
18,18,"28","Aplodactylidae Aplodactylus westralis",0,"Aplodactylidae","Aplodactylus","westralis","2020-06_south-west_stereo-BRUVs",NA,"MBH",-34.112916,114.852137,20200603,"10:27:00","South-west","No-take",NA,44.7,"Hayley","Yes",NA,"2020-06_south-west_stereo-BRUVs.28","Aplodactylidae Aplodactylus westralis","Aplodactylus westralis",NA,NA,NA,NA,NA,NA,NA,NA,-44,0.002350941,5.107253551,1,-0.5,32,34.05678558,0.001380766,64,0.516146302,-0.5,0.602036834,19.96408844,0.018714249,0.187060013,TRUE
19,19,"29","Aplodactylidae Aplodactylus westralis",0,"Aplodactylidae","Aplodactylus","westralis","2020-06_south-west_stereo-BRUVs",NA,"MBH",-34.111084,114.855648,20200603,"10:31:00","South-west","No-take",NA,43,"Hayley","Yes",NA,"2020-06_south-west_stereo-BRUVs.29","Aplodactylidae Aplodactylus westralis","Aplodactylus westralis",NA,NA,NA,NA,NA,NA,NA,NA,-43,0.001461005,3.522017241,1,-0.25,32,33.63185501,0.002658231,1,0.573939562,-0.25,2.006920576,19.96408844,0.018714249,0.187060013,TRUE
20,20,"30","Aplodactylidae Aplodactylus westralis",0,"Aplodactylidae","Aplodactylus","westralis","2020-06_south-west_stereo-BRUVs",NA,"MBH",-34.112094,114.85946,20200603,"10:37:00","South-west","No-take",NA,42.9,"Hayley","Yes",NA,"2020-06_south-west_stereo-BRUVs.30","Aplodactylidae Aplodactylus westralis","Aplodactylus westralis",NA,NA,NA,NA,NA,NA,NA,NA,-43,0.002109199,3.681907654,1,-0.5,8,32.95168304,0.002442606,2,0.65389663,-0.5,2.271615505,19.9140873,0.018714249,0.207060024,TRUE
21,21,"31","Aplodactylidae Aplodactylus westralis",0,"Aplodactylidae","Aplodactylus","westralis","2020-06_south-west_stereo-BRUVs",NA,"MBH",-34.116007,114.860738,20200603,"10:42:00","South-west","No-take",NA,44.4,"Hayley","Yes",NA,"2020-06_south-west_stereo-BRUVs.31","Aplodactylidae Aplodactylus westralis","Aplodactylus westralis",NA,NA,NA,NA,NA,NA,NA,NA,-43,0.001461017,5.902740479,1,-0.25,128,32.40068054,0.002886975,1,0.622378528,-0.25,0.987457395,19.9140873,0.018714249,0.207060024,TRUE
22,22,"32","Aplodactylidae Aplodactylus westralis",0,"Aplodactylidae","Aplodactylus","westralis","2020-06_south-west_stereo-BRUVs",NA,"MBH",-34.130076,114.86109,20200603,"10:49:00","South-west","No-take",NA,43.2,"Hayley","Yes",NA,"2020-06_south-west_stereo-BRUVs.32","Aplodactylidae Aplodactylus westralis","Aplodactylus westralis",NA,NA,NA,NA,NA,NA,NA,NA,-43,3.47e-18,4.712388992,0,0,64,32.78819275,0.002961827,1,0.526275158,0,1.491832137,19.92408752,0.018714249,0.197060019,TRUE
23,23,"33","Aplodactylidae Aplodactylus westralis",0,"Aplodactylidae","Aplodactylus","westralis","2020-06_south-west_stereo-BRUVs",NA,"MBH",-34.133067,114.8627,20200603,"10:54:00","South-west","No-take",NA,43.6,"Hayley","Yes",NA,"2020-06_south-west_stereo-BRUVs.33","Aplodactylidae Aplodactylus westralis","Aplodactylus westralis",NA,NA,NA,NA,NA,NA,NA,NA,-43,3.47e-18,1.570796371,0,0,16,32.17260742,0.002961914,1,0.526275158,-7.11e-14,1.491834521,19.92408752,0.018714249,0.197060019,TRUE
24,24,"34","Aplodactylidae Aplodactylus westralis",0,"Aplodactylidae","Aplodactylus","westralis","2020-06_south-west_stereo-BRUVs",NA,"MBH",-34.131334,114.866053,20200603,"12:18:00","South-west","No-take",NA,42.7,"Hayley","Yes",NA,"2020-06_south-west_stereo-BRUVs.34","Aplodactylidae Aplodactylus westralis","Aplodactylus westralis",NA,NA,NA,NA,NA,NA,NA,NA,-43,0.000706335,4.017650604,1,-0.125,64,31.42785072,0.00241987,1,0.465085894,-0.125,1.661233664,19.92408752,0.018714249,0.197060019,TRUE
25,25,"35","Aplodactylidae Aplodactylus westralis",0,"Aplodactylidae","Aplodactylus","westralis","2020-06_south-west_stereo-BRUVs",NA,"MBH",-34.134801,114.869348,20200603,"12:23:00","South-west","No-take",NA,43.8,"Hayley","Yes",NA,"2020-06_south-west_stereo-BRUVs.35","Aplodactylidae Aplodactylus westralis","Aplodactylus westralis",NA,NA,NA,NA,NA,NA,NA,NA,-43,0.002170547,4.712388992,1,-0.375,32,30.81226349,0.000816293,64,0.391146332,-0.375,1.280521512,19.92408752,0.018714249,0.197060019,TRUE
26,26,"36","Aplodactylidae Aplodactylus westralis",0,"Aplodactylidae","Aplodactylus","westralis","2020-06_south-west_stereo-BRUVs",NA,"MBH",-34.130484,114.878263,20200603,"12:29:00","South-west","No-take",NA,42.2,"Hayey","Yes",NA,"2020-06_south-west_stereo-BRUVs.36","Aplodactylidae Aplodactylus westralis","Aplodactylus westralis",NA,NA,NA,NA,NA,NA,NA,NA,-41,0.000706335,5.40712738,1,0.125,32,30.02699089,0.002505664,1,0.497378558,0.125,1.293550611,19.92408752,0.018714249,0.197060019,TRUE
27,27,"37","Aplodactylidae Aplodactylus westralis",0,"Aplodactylidae","Aplodactylus","westralis","2020-06_south-west_stereo-BRUVs",NA,"MBH",-34.126354,114.878937,20200603,"12:34:00","South-west","No-take",NA,41.2,"Hayley","Yes",NA,"2020-06_south-west_stereo-BRUVs.37","Aplodactylidae Aplodactylus westralis","Aplodactylus westralis",NA,NA,NA,NA,NA,NA,NA,NA,-42,0.002351237,5.107201099,1,-0.5,32,28.89781952,0.001380831,64,0.516146302,-0.5,0.602105796,19.87408829,0.018714249,0.197060019,TRUE
28,28,"38","Aplodactylidae Aplodactylus westralis",0,"Aplodactylidae","Aplodactylus","westralis","2020-06_south-west_stereo-BRUVs",NA,"MBH",-34.127912,114.883938,20200603,"12:39:00","South-west","No-take",NA,41.8,"Hayley","Yes",NA,"2020-06_south-west_stereo-BRUVs.38","Aplodactylidae Aplodactylus westralis","Aplodactylus westralis",NA,NA,NA,NA,NA,NA,NA,NA,-41,3.47e-18,1.570796371,0,0,128,28.60206223,0.00296174,1,0.526275158,1.52e-12,1.491829872,19.87408829,0.018714249,0.197060019,TRUE
29,29,"39","Aplodactylidae Aplodactylus westralis",0,"Aplodactylidae","Aplodactylus","westralis","2020-06_south-west_stereo-BRUVs",NA,"MBH",-34.132294,114.884797,20200603,"12:42:00","South-west","No-take",NA,42.2,"Hayley","Yes",NA,"2020-06_south-west_stereo-BRUVs.39","Aplodactylidae Aplodactylus westralis","Aplodactylus westralis",NA,NA,NA,NA,NA,NA,NA,NA,-41,0,1.570796371,0,0,32,28.66664696,0.002961827,1,0.526275158,1.45e-12,1.491832137,19.87408829,0.018714249,0.197060019,TRUE
30,30,"40","Aplodactylidae Aplodactylus westralis",0,"Aplodactylidae","Aplodactylus","westralis","2020-06_south-west_stereo-BRUVs",NA,"MBH",-34.133669,114.880443,20200603,"12:46:00","South-west","No-take",NA,41.2,"Hayley","Yes",NA,"2020-06_south-west_stereo-BRUVs.40","Aplodactylidae Aplodactylus westralis","Aplodactylus westralis",NA,NA,NA,NA,NA,NA,NA,NA,-41,0,1.570796371,0,0,128,29.41140366,0.002961914,1,0.526275158,-7.11e-14,1.491834521,19.87408829,0.018714249,0.197060019,TRUE
113,113,"IO1","Aplodactylidae Aplodactylus westralis",0,"Aplodactylidae","Aplodactylus","westralis","2020-10_south-west_stereo-BRUVs","IO","MBH",-34.07868897,114.7788721,20201015,"12:07:00",NA,NA,NA,64.6,"Hayley","Yes","Yes","2020-10_south-west_stereo-BRUVs.IO1","Aplodactylidae Aplodactylus westralis","Aplodactylus westralis",264,"2731","C.IO.43","1","1",114.7788721,-34.07868897,"MBH",-63,0.004901427,4.620002747,3,0.625,16,33.87757111,0.001942122,16,0.768767774,0.625,4.599619389,20.18408775,0.018714249,0.177060023,TRUE
114,114,"IO100","Aplodactylidae Aplodactylus westralis",0,"Aplodactylidae","Aplodactylus","westralis","2020-10_south-west_stereo-BRUVs","IO","MBH",-34.07618897,114.9088721,20201029,"10:21:00",NA,NA,NA,43.6,"Rachel","Yes",NA,"2020-10_south-west_stereo-BRUVs.IO100","Aplodactylidae Aplodactylus westralis","Aplodactylus westralis",206,"1980","C.IO.39","100","1",114.9088721,-34.07618897,"MBH",-43,0.002350054,1.175774217,1,0.5,1,18.44405174,0.005244667,1,1.026275158,0.5,1.352075219,19.77408791,0.018714249,0.207060024,TRUE
115,115,"IO101","Aplodactylidae Aplodactylus westralis",0,"Aplodactylidae","Aplodactylus","westralis","2020-10_south-west_stereo-BRUVs","IO","MBH",-34.07868897,114.8963721,20201029,"10:10:00",NA,NA,NA,43.5,"Rachel","Yes","come back with different CAL","2020-10_south-west_stereo-BRUVs.IO101","Aplodactylidae Aplodactylus westralis","Aplodactylus westralis",204,"1980","C.IO.39","101","1",114.8963721,-34.07868897,"MBH",-42,0,1.570796371,0,0,128,22.90949631,0.002960001,1,0.526275158,-6.39e-14,1.491783381,19.83408737,0.018714249,0.197060019,TRUE
116,116,"IO102","Aplodactylidae Aplodactylus westralis",0,"Aplodactylidae","Aplodactylus","westralis","2020-10_south-west_stereo-BRUVs","IO","MBH",-34.07118897,114.9113721,20201029,"10:26:00",NA,NA,NA,45.2,"Rachel","Yes","Yes","2020-10_south-west_stereo-BRUVs.IO102","Aplodactylidae Aplodactylus westralis","Aplodactylus westralis",214,"2","C.IO.2","102","1",114.9113721,-34.07118897,"MBH",-45,0.004030767,1.227547646,2,-0.25,1,15.63471031,0.006930945,1,1.276275158,-0.25,1.339304566,19.77408791,0.018714249,0.207060024,TRUE
122,122,"IO113","Aplodactylidae Aplodactylus westralis",0,"Aplodactylidae","Aplodactylus","westralis","2020-10_south-west_stereo-BRUVs","IO","MBH",-34.05868897,114.7388721,20201023,"7:30:00",NA,NA,NA,111,"Rachel","Yes","Yes","2020-10_south-west_stereo-BRUVs.IO113","Aplodactylidae Aplodactylus westralis","Aplodactylus westralis",459,"715","C.IO.31","113","1",114.7388721,-34.05868897,"MBH",-111,0.010310535,4.756258011,5,-0.5,16,-3.756361008,0.007382691,16,1.256017447,-0.5,4.805417061,20.28408813,0.018714249,0.157060027,TRUE
123,123,"IO115","Aplodactylidae Aplodactylus westralis",0,"Aplodactylidae","Aplodactylus","westralis","2020-10_south-west_stereo-BRUVs","IO","MBH",-34.05368897,114.7363721,20201023,"7:34:00",NA,NA,NA,112,"Rachel","Yes","Yes","2020-10_south-west_stereo-BRUVs.IO115","Aplodactylidae Aplodactylus westralis","Aplodactylus westralis",458,"715","C.IO.31","115","1",114.7363721,-34.05368897,"MBH",-112,0.008725972,4.341187954,5,-0.125,16,-4.205359936,0.005953703,16,1.098724842,-0.125,4.197540283,20.28408813,0.018714249,0.187060013,TRUE
124,124,"IO117","Aplodactylidae Aplodactylus westralis",0,"Aplodactylidae","Aplodactylus","westralis","2020-10_south-west_stereo-BRUVs","IO","MBH",-34.06368897,114.7388721,20201023,"7:25:00",NA,NA,NA,115,"Rachel","Yes",NA,"2020-10_south-west_stereo-BRUVs.IO117","Aplodactylidae Aplodactylus westralis","Aplodactylus westralis",463,"715","C.IO.31","117","1",114.7388721,-34.06368897,"MBH",-112,0.010755653,4.278503418,7,-0.375,16,-4.62719059,0.008046766,16,1.502621412,-0.375,4.150365353,20.28408813,0.018714249,0.157060027,TRUE
125,125,"IO119","Aplodactylidae Aplodactylus westralis",0,"Aplodactylidae","Aplodactylus","westralis","2020-10_south-west_stereo-BRUVs","IO","MBH",-34.07618897,114.9038721,20201029,"10:17:00",NA,NA,NA,43.8,"Rachel","Yes",NA,"2020-10_south-west_stereo-BRUVs.IO119","Aplodactylidae Aplodactylus westralis","Aplodactylus westralis",205,"1980","C.IO.39","119","1",114.9038721,-34.07618897,"MBH",-43,0.002169072,1.570796371,1,-0.375,128,19.80439568,0.005125047,1,0.901275158,-0.375,1.52519381,19.77408791,0.018714249,0.207060024,TRUE
126,126,"IO122","Aplodactylidae Aplodactylus westralis",0,"Aplodactylidae","Aplodactylus","westralis","2020-10_south-west_stereo-BRUVs","IO","MBH",-34.11618897,114.8263721,20201015,"12:35:00",NA,NA,NA,57.4,"Brooke Gibbons","Yes",NA,"2020-10_south-west_stereo-BRUVs.IO122","Aplodactylidae Aplodactylus westralis","Aplodactylus westralis",387,"4946","C.IO.59","122","1",114.8263721,-34.11618897,"MBH",-48,0.001689221,4.441396236,1,-0.25,4,36.92308807,0.001342416,2,0.420042962,-0.25,1.73432672,20.03408813,0.018714249,0.167060018,TRUE
127,127,"IO123","Aplodactylidae Aplodactylus westralis",0,"Aplodactylidae","Aplodactylus","westralis","2020-10_south-west_stereo-BRUVs","IO","MBH",-34.10618897,114.8188721,20201015,"12:42:00",NA,NA,NA,49.1,"Hayley","Yes","Yes","2020-10_south-west_stereo-BRUVs.IO123","Aplodactylidae Aplodactylus westralis","Aplodactylus westralis",389,"4946","C.IO.59","123","1",114.8188721,-34.10618897,"MBH",-49,0.001084922,4.712388992,1,-0.5,16,37.70526123,0.001881373,1,0.670042932,-0.5,1.446291327,20.0940876,0.018714249,0.177060023,TRUE
128,128,"IO125","Aplodactylidae Aplodactylus westralis",0,"Aplodactylidae","Aplodactylus","westralis","2020-10_south-west_stereo-BRUVs","IO","MBH",-34.10868897,114.8263721,20201015,"12:38:00",NA,NA,NA,55.8,"Hayley","Yes","Yes","2020-10_south-west_stereo-BRUVs.IO125","Aplodactylidae Aplodactylus westralis","Aplodactylus westralis",391,"4946","C.IO.59","125","1",114.8263721,-34.10868897,"MBH",-48,0.002350823,5.107274532,1,-0.5,64,36.72933197,0.001380739,64,0.516146302,-0.5,0.602009237,20.03408813,0.018714249,0.167060018,TRUE
129,129,"IO126","Aplodactylidae Aplodactylus westralis",1,"Aplodactylidae","Aplodactylus","westralis","2020-10_south-west_stereo-BRUVs","IO","MBH",-34.11368897,114.8188721,20201015,"12:31:00",NA,NA,NA,58.2,"Brooke Gibbons","Yes",NA,"2020-10_south-west_stereo-BRUVs.IO126","Aplodactylidae Aplodactylus westralis","Aplodactylus westralis",390,"4946","C.IO.59","126","1",114.8188721,-34.11368897,"MBH",-49,0.002824987,4.017548561,2,-0.25,8,37.89901733,0.001758523,2,0.467707366,-0.25,2.680789709,20.0940876,0.018714249,0.177060023,TRUE
137,137,"IO15","Aplodactylidae Aplodactylus westralis",0,"Aplodactylidae","Aplodactylus","westralis","2020-10_south-west_stereo-BRUVs","IO","MBH",-34.06118897,114.8663721,20201016,"7:59:00",NA,NA,NA,40.8,"Brooke Gibbons","Yes",NA,"2020-10_south-west_stereo-BRUVs.IO15","Aplodactylidae Aplodactylus westralis","Aplodactylus westralis",155,"1366","C.IO.35","15","1",114.8663721,-34.06118897,"MBH",-41,0.002117968,4.017243862,1,-0.625,16,31.61946106,0.001735794,4,0.625,-0.625,2.274332762,19.89408684,0.018714249,0.157060027,TRUE
139,139,"IO153","Aplodactylidae Aplodactylus westralis",0,"Aplodactylidae","Aplodactylus","westralis","2020-10_south-west_stereo-BRUVs","IO","MBH",-34.04618897,114.8888721,20201016,"7:36:00",NA,NA,NA,42.6,"Brooke Gibbons","Yes",NA,"2020-10_south-west_stereo-BRUVs.IO153","Aplodactylidae Aplodactylus westralis","Aplodactylus westralis",429,"6252","C.IO.65","153","1",114.8888721,-34.04618897,"MBH",-43,0.002349345,1.175648451,1,-0.5,128,23.11040306,0.005242898,1,1.026275158,-0.5,1.352000237,19.82408714,0.018714249,0.167060018,TRUE
140,140,"IO155","Aplodactylidae Aplodactylus westralis",0,"Aplodactylidae","Aplodactylus","westralis","2020-10_south-west_stereo-BRUVs","IO","MBH",-34.04368897,114.8838721,20201016,"7:42:00",NA,NA,NA,41.9,"Hayley","Yes",NA,"2020-10_south-west_stereo-BRUVs.IO155","Aplodactylidae Aplodactylus westralis","Aplodactylus westralis",428,"6252","C.IO.65","155","1",114.8838721,-34.04368897,"MBH",-42,6.94e-18,4.712388992,0,0,128,25.40616226,0.002958787,1,0.526275158,1.52e-12,1.491750836,19.82408714,0.018714249,0.167060018,TRUE
142,142,"IO164","Aplodactylidae Aplodactylus westralis",0,"Aplodactylidae","Aplodactylus","westralis","2020-10_south-west_stereo-BRUVs","IO","MBH",-34.03368897,114.9038721,20201016,"7:14:00",NA,NA,NA,44.1,"Hayley","Yes","check calibration","2020-10_south-west_stereo-BRUVs.IO164","Aplodactylidae Aplodactylus westralis","Aplodactylus westralis",409,"5691","C.IO.62","164","1",114.9038721,-34.03368897,"MBH",-44,0.001687695,1.8420403,1,-0.25,64,17.70644569,0.004580385,1,0.776275158,-0.25,1.618528247,19.75408745,0.018714249,0.167060018,TRUE
143,143,"IO165","Aplodactylidae Aplodactylus westralis",0,"Aplodactylidae","Aplodactylus","westralis","2020-10_south-west_stereo-BRUVs","IO","MBH",-34.04368897,114.8988721,20201016,"7:23:00",NA,NA,NA,42.6,"Hayley","Yes",NA,"2020-10_south-west_stereo-BRUVs.IO165","Aplodactylidae Aplodactylus westralis","Aplodactylus westralis",408,"5691","C.IO.62","165","1",114.8988721,-34.04368897,"MBH",-43,0.001687879,1.29958272,1,0.25,1,20.32513046,0.004626817,1,0.776275158,0.25,1.422021866,19.75408745,0.018714249,0.197060019,TRUE
145,145,"IO184","Aplodactylidae Aplodactylus westralis",0,"Aplodactylidae","Aplodactylus","westralis","2020-10_south-west_stereo-BRUVs","IO","MBH",-34.04118897,114.9038721,20201016,"7:19:00",NA,NA,NA,45.9,"Hayley","Yes","Yes","2020-10_south-west_stereo-BRUVs.IO184","Aplodactylidae Aplodactylus westralis","Aplodactylus westralis",411,"5691","C.IO.62","184","1",114.9038721,-34.04118897,"MBH",-44,0,1.570796371,0,0,64,17.9002018,0.0029587,1,0.526275158,-6.75e-14,1.491748571,19.75408745,0.018714249,0.197060019,TRUE
149,149,"IO195","Aplodactylidae Aplodactylus westralis",0,"Aplodactylidae","Aplodactylus","westralis","2020-10_south-west_stereo-BRUVs","IO","MBH",-34.09368897,114.8588721,20201016,"9:57:00",NA,NA,NA,43.4,"Brooke Gibbons","Yes",NA,"2020-10_south-west_stereo-BRUVs.IO195","Aplodactylidae Aplodactylus westralis","Aplodactylus westralis",418,"6","C.IO.6","195","1",114.8588721,-34.09368897,"Legacy",-42,3.47e-18,1.570796371,0,0,16,33.4995842,0.002960522,1,0.526275158,-7.11e-15,1.491797328,19.90408707,0.018714249,0.187060013,TRUE
150,150,"IO199","Aplodactylidae Aplodactylus westralis",0,"Aplodactylidae","Aplodactylus","westralis","2020-10_south-west_stereo-BRUVs","IO","MBH",-34.08618897,114.8613721,20201016,"9:51:00",NA,NA,NA,42.1,"Claude","Yes","Yes","2020-10_south-west_stereo-BRUVs.IO199","Aplodactylidae Aplodactylus westralis","Aplodactylus westralis",414,"6","C.IO.6","199","1",114.8613721,-34.08618897,"Legacy",-42,0,1.570796371,0,0,128,32.62565994,0.002960262,1,0.526275158,0,1.491790295,19.90408707,0.018714249,0.187060013,TRUE
151,151,"IO201","Aplodactylidae Aplodactylus westralis",0,"Aplodactylidae","Aplodactylus","westralis","2020-10_south-west_stereo-BRUVs","IO","MBH",-34.05618897,114.8338721,20201015,"14:46:00",NA,NA,NA,45.3,"Hayley","Yes",NA,"2020-10_south-west_stereo-BRUVs.IO201","Aplodactylidae Aplodactylus westralis","Aplodactylus westralis",394,"5","C.IO.5","201","1",114.8338721,-34.05618897,"Legacy",-44,0.00216856,4.712388992,1,0.375,16,37.33252335,0.000815607,1,0.391146332,0.375,1.280270219,20.01408768,0.018714249,0.187060013,TRUE
152,152,"IO204","Aplodactylidae Aplodactylus westralis",0,"Aplodactylidae","Aplodactylus","westralis","2020-10_south-west_stereo-BRUVs","IO","MBH",-34.06618897,114.7863721,20201015,"10:35:00",NA,NA,NA,61.5,"Hayley","Yes",NA,"2020-10_south-west_stereo-BRUVs.IO204","Aplodactylidae Aplodactylus westralis","Aplodactylus westralis",451,"7","C.IO.7","204","1",114.7863721,-34.06618897,"Legacy",-60,0.005064847,4.983533859,3,0.125,16,34.51412964,0.002500333,16,0.56720674,0.125,5.401679993,20.12408829,0.018714249,0.177060023,TRUE
153,153,"IO207","Aplodactylidae Aplodactylus westralis",0,"Aplodactylidae","Aplodactylus","westralis","2020-10_south-west_stereo-BRUVs","IO","MBH",-34.06118897,114.7863721,20201015,"10:23:00",NA,NA,NA,60.4,"Hayley","Yes",NA,"2020-10_south-west_stereo-BRUVs.IO207","Aplodactylidae Aplodactylus westralis","Aplodactylus westralis",452,"7","C.IO.7","207","1",114.7863721,-34.06118897,"Legacy",-60,0.004167453,3.849810123,3,-0.5,4,34.38496017,0.002941399,4,0.797664404,-0.5,3.06014657,20.12408829,0.018714249,0.177060023,TRUE
154,154,"IO210","Aplodactylidae Aplodactylus westralis",0,"Aplodactylidae","Aplodactylus","westralis","2020-10_south-west_stereo-BRUVs","IO","MBH",-34.09118897,114.8738721,20201016,"10:09:00",NA,NA,NA,43.5,"Hayley","Yes",NA,"2020-10_south-west_stereo-BRUVs.IO210","Aplodactylidae Aplodactylus westralis","Aplodactylus westralis",417,"6","C.IO.6","210","1",114.8738721,-34.09118897,"Legacy",-42,0.001460957,3.52193594,1,-0.5,8,29.35396957,0.002657715,1,0.670042932,-0.5,2.007010937,19.90408707,0.018714249,0.187060013,TRUE
155,155,"IO211","Aplodactylidae Aplodactylus westralis",0,"Aplodactylidae","Aplodactylus","westralis","2020-10_south-west_stereo-BRUVs","IO","MBH",-34.05618897,114.9063721,20201029,"10:42:00",NA,NA,NA,43.5,"Rachel","Yes","Yes","2020-10_south-west_stereo-BRUVs.IO211","Aplodactylidae Aplodactylus westralis","Aplodactylus westralis",277,"3","C.IO.3","211","1",114.9063721,-34.05618897,"Legacy",-43,0.004030135,1.227491498,2,1,1,18.60754204,0.006929783,1,1.372378588,1,1.339265108,19.75408745,0.018714249,0.197060019,TRUE
156,156,"IO215","Aplodactylidae Aplodactylus westralis",0,"Aplodactylidae","Aplodactylus","westralis","2020-10_south-west_stereo-BRUVs","IO","MBH",-34.06868897,114.9263721,20201016,"12:34:00",NA,NA,NA,46.7,"Hayley","Yes",NA,"2020-10_south-west_stereo-BRUVs.IO215","Aplodactylidae Aplodactylus westralis","Aplodactylus westralis",215,"2","C.IO.2","215","1",114.9263721,-34.06868897,"Legacy",-46,0.002824102,5.40749073,3,-0.375,32,10.48909378,0.002186799,1,0.657292664,-0.375,0.365472794,19.72408676,0.018714249,0.277060032,TRUE
157,157,"IO216","Aplodactylidae Aplodactylus westralis",0,"Aplodactylidae","Aplodactylus","westralis","2020-10_south-west_stereo-BRUVs","IO","MBH",-34.06118897,114.9163721,20201029,"10:33:00",NA,NA,NA,47.5,"Rachel","Yes","Yes","2020-10_south-west_stereo-BRUVs.IO216","Aplodactylidae Aplodactylus westralis","Aplodactylus westralis",279,"3","C.IO.3","216","1",114.9163721,-34.06118897,"Legacy",-47,0.001688203,1.841956615,1,0.25,1,12.01602554,0.004581867,1,0.776275158,0.25,1.61851275,19.77408791,0.018714249,0.207060024,TRUE
158,158,"IO217","Aplodactylidae Aplodactylus westralis",0,"Aplodactylidae","Aplodactylus","westralis","2020-10_south-west_stereo-BRUVs","IO","MBH",-34.06618897,114.9188721,20201016,"12:43:00",NA,NA,NA,47.1,"Claude","Yes","Yes","2020-10_south-west_stereo-BRUVs.IO217","Aplodactylidae Aplodactylus westralis","Aplodactylus westralis",213,"2","C.IO.2","217","1",114.9188721,-34.06618897,"Legacy",-47,0.000904369,6.283185482,1,0.125,64,11.46502399,0.003162198,1,0.651275158,0.125,1.202660441,19.72408676,0.018714249,0.277060032,TRUE
159,159,"IO218","Aplodactylidae Aplodactylus westralis",0,"Aplodactylidae","Aplodactylus","westralis","2020-10_south-west_stereo-BRUVs","IO","MBH",-34.07368897,114.9213721,20201016,"12:28:00",NA,NA,NA,46.8,"Hayley","Yes",NA,"2020-10_south-west_stereo-BRUVs.IO218","Aplodactylidae Aplodactylus westralis","Aplodactylus westralis",210,"2","C.IO.2","218","1",114.9213721,-34.07368897,"Legacy",-47,0.002169008,4.712388992,1,-0.375,32,10.97860813,0.000815762,64,0.391146332,-0.375,1.280326962,19.72408676,0.018714249,0.277060032,TRUE
160,160,"IO220","Aplodactylidae Aplodactylus westralis",0,"Aplodactylidae","Aplodactylus","westralis","2020-10_south-west_stereo-BRUVs","IO","MBH",-34.05618897,114.8438721,20201015,"14:39:00",NA,NA,NA,43.7,"Brooke Gibbons","Yes",NA,"2020-10_south-west_stereo-BRUVs.IO220","Aplodactylidae Aplodactylus westralis","Aplodactylus westralis",392,"5","C.IO.5","220","1",114.8438721,-34.05618897,"Legacy",-43,0,1.570796371,0,0,8,35.61183929,0.00295922,1,0.526275158,-7.11e-14,1.491762519,19.94408798,0.018714249,0.187060013,TRUE
161,161,"IO222","Aplodactylidae Aplodactylus westralis",0,"Aplodactylidae","Aplodactylus","westralis","2020-10_south-west_stereo-BRUVs","IO","MBH",-34.06618897,114.8313721,20201015,"14:54:00",NA,NA,NA,45,"Hayley","Yes",NA,"2020-10_south-west_stereo-BRUVs.IO222","Aplodactylidae Aplodactylus westralis","Aplodactylus westralis",353,"4","C.IO.4","222","1",114.8313721,-34.06618897,"Legacy",-45,0.002168816,4.712388992,1,0.375,16,37.27103806,0.000815696,1,0.391146332,0.375,1.280302644,20.01408768,0.018714249,0.147060022,TRUE
162,162,"IO223","Aplodactylidae Aplodactylus westralis",0,"Aplodactylidae","Aplodactylus","westralis","2020-10_south-west_stereo-BRUVs","IO","MBH",-34.07118897,114.8463721,20201015,"14:25:00",NA,NA,NA,42.9,"Hayley","Yes",NA,"2020-10_south-west_stereo-BRUVs.IO223","Aplodactylidae Aplodactylus westralis","Aplodactylus westralis",349,"4","C.IO.4","223","1",114.8463721,-34.07118897,"Legacy",-43,0.001688388,4.441258907,1,-0.25,4,35.31917572,0.001341722,2,0.420042962,-0.25,1.734412193,19.96408844,0.018714249,0.157060027,TRUE
163,163,"IO224","Aplodactylidae Aplodactylus westralis",0,"Aplodactylidae","Aplodactylus","westralis","2020-10_south-west_stereo-BRUVs","IO","MBH",-34.06118897,114.8388721,20201015,"14:35:00",NA,NA,NA,43.6,"Hayley","Yes",NA,"2020-10_south-west_stereo-BRUVs.IO224","Aplodactylidae Aplodactylus westralis","Aplodactylus westralis",348,"4","C.IO.4","224","1",114.8388721,-34.06118897,"Legacy",-44,0.002168688,4.712388992,1,-0.375,4,36.10135269,0.000815651,64,0.391146332,-0.375,1.280286431,20.01408768,0.018714249,0.147060022,TRUE
164,164,"IO225","Aplodactylidae Aplodactylus westralis",0,"Aplodactylidae","Aplodactylus","westralis","2020-10_south-west_stereo-BRUVs","IO","MBH",-34.07118897,114.8338721,20201015,"14:20:00",NA,NA,NA,44.9,"Hayley","Yes",NA,"2020-10_south-west_stereo-BRUVs.IO225","Aplodactylidae Aplodactylus westralis","Aplodactylus westralis",350,"4","C.IO.4","225","1",114.8338721,-34.07118897,"Legacy",-45,0.001688388,4.441258907,1,-0.25,64,36.72003555,0.001341722,2,0.420042962,-0.25,1.734412193,20.01408768,0.018714249,0.147060022,TRUE
165,165,"IO226","Aplodactylidae Aplodactylus westralis",0,"Aplodactylidae","Aplodactylus","westralis","2020-10_south-west_stereo-BRUVs","IO","MBH",-34.06368897,114.8438721,20201015,"14:32:00",NA,NA,NA,42.8,"Brooke Gibbons","Yes",NA,"2020-10_south-west_stereo-BRUVs.IO226","Aplodactylidae Aplodactylus westralis","Aplodactylus westralis",351,"4","C.IO.4","226","1",114.8438721,-34.06368897,"Legacy",-43,0,1.570796371,0,0,128,35.80559158,0.002959481,1,0.526275158,-5.68e-14,1.491769433,19.96408844,0.018714249,0.157060027,TRUE
169,169,"IO236","Aplodactylidae Aplodactylus westralis",0,"Aplodactylidae","Aplodactylus","westralis","2020-10_south-west_stereo-BRUVs","IO","MBH",-34.08118897,114.9238721,20201016,"12:22:00",NA,NA,NA,46.8,"Hayley","Yes","Yes","2020-10_south-west_stereo-BRUVs.IO236","Aplodactylidae Aplodactylus westralis","Aplodactylus westralis",117,"1","C.IO.1","236","1",114.9238721,-34.08118897,"Legacy",-45,0.002118263,5.407418251,1,0.375,16,12.49219227,0.002069193,1,0.577335596,0.375,0.694293201,19.76408768,0.018714249,0.22706002,TRUE
170,170,"IO237","Aplodactylidae Aplodactylus westralis",0,"Aplodactylidae","Aplodactylus","westralis","2020-10_south-west_stereo-BRUVs","IO","MBH",-34.08118897,114.9363721,20201016,"12:15:00",NA,NA,NA,43.2,"Hayley","Yes",NA,"2020-10_south-west_stereo-BRUVs.IO237","Aplodactylidae Aplodactylus westralis","Aplodactylus westralis",115,"1","C.IO.1","237","1",114.9363721,-34.08118897,"Legacy",-39,0.004700318,4.317388058,3,0.875,16,15.09133339,0.002099099,16,0.938810706,0.875,3.863767624,19.76408768,0.018714249,0.22706002,TRUE
171,171,"IO239","Aplodactylidae Aplodactylus westralis",0,"Aplodactylidae","Aplodactylus","westralis","2020-10_south-west_stereo-BRUVs","IO","MBH",-34.09118897,114.9313721,20201016,"12:05:00",NA,NA,NA,45.9,"Hayley","Yes",NA,"2020-10_south-west_stereo-BRUVs.IO239","Aplodactylidae Aplodactylus westralis","Aplodactylus westralis",119,"1","C.IO.1","239","1",114.9313721,-34.09118897,"Legacy",-44,0.00382337,4.830934525,3,-0.625,16,11.71001816,0.001088556,16,0.704957068,-0.625,5.393977642,19.76408768,0.018714249,0.22706002,TRUE
184,184,"IO264","Aplodactylidae Aplodactylus westralis",0,"Aplodactylidae","Aplodactylus","westralis","2020-10_south-west_stereo-BRUVs","IO","MBH",-34.01868897,114.8738721,20201019,"9:31:00",NA,NA,NA,42,"Brooke Gibbons","Yes","Yes","2020-10_south-west_stereo-BRUVs.IO264","Aplodactylidae Aplodactylus westralis","Aplodactylus westralis",221,"21","C.IO.19","264","1",114.8738721,-34.01868897,"Legacy",-41,0.000705782,0.875404596,1,0.125,128,28.48099709,0.00355731,1,0.651275158,0.125,1.376790524,19.87408829,0.018714249,0.187060013,TRUE
185,185,"IO266","Aplodactylidae Aplodactylus westralis",0,"Aplodactylidae","Aplodactylus","westralis","2020-10_south-west_stereo-BRUVs","IO","MBH",-34.02118897,114.7588721,20201015,"8:06:00",NA,NA,NA,67.3,"Hayley","Yes",NA,"2020-10_south-west_stereo-BRUVs.IO266","Aplodactylidae Aplodactylus westralis","Aplodactylus westralis",253,"26","C.IO.23","266","1",114.7588721,-34.02118897,"Legacy",-72,0.014767204,4.303007126,11,0.125,16,28.83348465,0.012007982,16,2.518767834,0.125,4.223028183,20.22408676,0.018714249,0.217060015,TRUE
193,193,"IO291","Aplodactylidae Aplodactylus westralis",0,"Aplodactylidae","Aplodactylus","westralis","2020-10_south-west_stereo-BRUVs","IO","MBH",-34.08368897,114.7488721,20201022,"13:09:00",NA,NA,NA,109,"Rachel","Yes","Yes","2020-10_south-west_stereo-BRUVs.IO291","Aplodactylidae Aplodactylus westralis","Aplodactylus westralis",146,"13","C.IO.12","291","1",114.7488721,-34.08368897,"Legacy",-111,0.011862346,4.193946362,8,-1.875,16,-5.831195354,0.009269634,16,2.268767834,-1.875,4.057672024,20.23408699,0.018714249,0.187060013,TRUE
194,194,"IO293","Aplodactylidae Aplodactylus westralis",0,"Aplodactylidae","Aplodactylus","westralis","2020-10_south-west_stereo-BRUVs","IO","MBH",-34.08868897,114.7588721,20201022,"12:55:00",NA,NA,NA,111,"Claude","Yes","leave til last","2020-10_south-west_stereo-BRUVs.IO293","Aplodactylidae Aplodactylus westralis","Aplodactylus westralis",144,"13","C.IO.12","293","1",114.7588721,-34.08868897,"Legacy",-98,0.01193111,4.712388992,7,0.125,16,4.577288151,0.008983349,16,1.864871144,0.125,4.738399029,20.23408699,0.018714249,0.187060013,TRUE
195,195,"IO294","Aplodactylidae Aplodactylus westralis",0,"Aplodactylidae","Aplodactylus","westralis","2020-10_south-west_stereo-BRUVs","IO","MBH",-34.08368897,114.7538721,20201022,"13:04:00",NA,NA,NA,114,"Rachel","Yes",NA,"2020-10_south-west_stereo-BRUVs.IO294","Aplodactylidae Aplodactylus westralis","Aplodactylus westralis",143,"13","C.IO.12","294","1",114.7538721,-34.08368897,"Legacy",-103,0.01745598,4.34130764,10,0,16,0.80846107,0.014646709,16,2.723724842,-4.44e-16,4.283085346,20.23408699,0.018714249,0.187060013,TRUE
196,196,"IO295","Aplodactylidae Aplodactylus westralis",0,"Aplodactylidae","Aplodactylus","westralis","2020-10_south-west_stereo-BRUVs","IO","MBH",-34.10368897,114.7538721,20201022,"12:25:00",NA,NA,NA,109,"Rachel","Yes","Yes but check cal, accepted errors","2020-10_south-west_stereo-BRUVs.IO295","Aplodactylidae Aplodactylus westralis","Aplodactylus westralis",138,"12","C.IO.11","295","1",114.7538721,-34.10368897,"Legacy",-110,0.01055114,4.496439934,6,-0.625,16,-5.674856663,0.007628948,16,1.364871144,-0.625,4.443426609,20.24408722,0.018714249,0.187060013,TRUE
197,197,"IO297","Aplodactylidae Aplodactylus westralis",0,"Aplodactylidae","Aplodactylus","westralis","2020-10_south-west_stereo-BRUVs","IO","MBH",-34.10618897,114.7488721,20201022,"12:21:00",NA,NA,NA,114,"Rachel","Yes","Yes","2020-10_south-west_stereo-BRUVs.IO297","Aplodactylidae Aplodactylus westralis","Aplodactylus westralis",141,"12","C.IO.11","297","1",114.7488721,-34.10618897,"Legacy",-114,0.008249033,4.547192097,4,0.25,16,-8.249927521,0.005305331,16,0.989871144,0.25,4.499119282,20.24408722,0.018714249,0.187060013,TRUE
200,200,"IO3","Aplodactylidae Aplodactylus westralis",0,"Aplodactylidae","Aplodactylus","westralis","2020-10_south-west_stereo-BRUVs","IO","MBH",-34.07618897,114.7838721,20201015,"12:03:00",NA,NA,NA,62,"Hayley","Yes",NA,"2020-10_south-west_stereo-BRUVs.IO3","Aplodactylidae Aplodactylus westralis","Aplodactylus westralis",267,"2731","C.IO.43","3","1",114.7838721,-34.07618897,"MBH",-61,0.003822702,4.593822479,2,0,16,34.45264435,0.000872993,16,0.426060408,7.11e-15,4.45935297,20.12408829,0.018714249,0.177060023,TRUE
203,203,"IO306","Aplodactylidae Aplodactylus westralis",0,"Aplodactylidae","Aplodactylus","westralis","2020-10_south-west_stereo-BRUVs","IO","MBH",-34.10118897,114.7338721,20201022,"10:29:00",NA,NA,NA,124,"Rachel","Yes",NA,"2020-10_south-west_stereo-BRUVs.IO306","Aplodactylidae Aplodactylus westralis","Aplodactylus westralis",133,"11","C.IO.10","306","1",114.7338721,-34.10118897,"Legacy",-121,0.007180753,4.522335052,4,0.625,16,-11.29806709,0.004250985,16,0.864871144,0.625,4.445063114,20.27408791,0.018714249,0.187060013,TRUE
205,205,"IO308","Aplodactylidae Aplodactylus westralis",0,"Aplodactylidae","Aplodactylus","westralis","2020-10_south-west_stereo-BRUVs","IO","MBH",-34.11118897,114.7288721,20201022,"10:06:00",NA,NA,NA,126,"Rachel","Yes",NA,"2020-10_south-west_stereo-BRUVs.IO308","Aplodactylidae Aplodactylus westralis","Aplodactylus westralis",121,"10","C.IO.9","308","1",114.7288721,-34.11118897,"Legacy",-126,0.003824261,4.593871117,2,0.125,16,-14.67938232,0.000873331,16,0.284914106,0.125,4.459453106,20.27408791,0.018714249,0.187060013,TRUE
206,206,"IO310","Aplodactylidae Aplodactylus westralis",0,"Aplodactylidae","Aplodactylus","westralis","2020-10_south-west_stereo-BRUVs","IO","MBH",-34.05868897,114.7738721,20201015,"10:06:00",NA,NA,NA,64.7,"Brooke Gibbons","Yes",NA,"2020-10_south-west_stereo-BRUVs.IO310","Aplodactylidae Aplodactylus westralis","Aplodactylus westralis",480,"8","C.IO.8","310","1",114.7738721,-34.05868897,"Legacy",-64,0.007219859,5.311206818,5,0.25,16,33.72123337,0.005253565,16,1.128396034,0.25,5.672250748,20.18408775,0.018714249,0.177060023,TRUE
207,207,"IO311","Aplodactylidae Aplodactylus westralis",0,"Aplodactylidae","Aplodactylus","westralis","2020-10_south-west_stereo-BRUVs","IO","MBH",-34.05618897,114.7688721,20201015,"10:03:00",NA,NA,NA,66.1,"Brooke Gibbons","Yes",NA,"2020-10_south-west_stereo-BRUVs.IO311","Aplodactylidae Aplodactylus westralis","Aplodactylus westralis",477,"8","C.IO.8","311","1",114.7688721,-34.05618897,"Legacy",-70,0.015286133,4.593794823,9,-0.625,16,29.01699257,0.01233034,16,2.364871025,-0.625,4.584303379,20.17408752,0.018714249,0.197060019,TRUE
208,208,"IO312","Aplodactylidae Aplodactylus westralis",0,"Aplodactylidae","Aplodactylus","westralis","2020-10_south-west_stereo-BRUVs","IO","MBH",-34.05868897,114.7788721,20201015,"10:17:00",NA,NA,NA,61.2,"Hayley","Yes",NA,"2020-10_south-west_stereo-BRUVs.IO312","Aplodactylidae Aplodactylus westralis","Aplodactylus westralis",479,"8","C.IO.8","312","1",114.7788721,-34.05868897,"Legacy",-61,0.007062413,4.77645874,5,0.25,16,35.36088943,0.004154929,16,0.756017447,0.25,4.878208637,20.18408775,0.018714249,0.177060023,TRUE
209,209,"IO313","Aplodactylidae Aplodactylus westralis",0,"Aplodactylidae","Aplodactylus","westralis","2020-10_south-west_stereo-BRUVs","IO","MBH",-34.09618897,114.7563721,20201022,"12:47:00",NA,NA,NA,108,"Rachel","Yes",NA,"2020-10_south-west_stereo-BRUVs.IO313","Aplodactylidae Aplodactylus westralis","Aplodactylus westralis",142,"12","C.IO.11","313","1",114.7563721,-34.09618897,"Legacy",-102,0.016125979,4.369233608,10,0,16,1.451215744,0.013291169,16,2.473724842,-6.84e-14,4.311044693,20.23408699,0.018714249,0.187060013,TRUE
210,210,"IO319","Aplodactylidae Aplodactylus westralis",0,"Aplodactylidae","Aplodactylus","westralis","2020-10_south-west_stereo-BRUVs","IO","MBH",-34.09368897,114.7313721,20201022,"10:37:00",NA,NA,NA,124,"Rachel","Yes",NA,"2020-10_south-west_stereo-BRUVs.IO319","Aplodactylidae Aplodactylus westralis","Aplodactylus westralis",134,"11","C.IO.10","319","1",114.7313721,-34.09368897,"Legacy",-122,0.006380133,4.3501544,4,-0.375,16,-11.81165123,0.003633092,16,0.768767774,-0.375,4.120410919,20.28408813,0.018714249,0.197060019,TRUE
214,214,"IO327","Aplodactylidae Aplodactylus westralis",0,"Aplodactylidae","Aplodactylus","westralis","2020-10_south-west_stereo-BRUVs","IO","MBH",-34.02946667,114.7623833,20201015,"8:17:00",NA,NA,NA,65.4,"Hayley","Yes",NA,"2020-10_south-west_stereo-BRUVs.IO327","Aplodactylidae Aplodactylus westralis","Aplodactylus westralis",254,"26","C.IO.23","327","1",114.7623833,-34.02946667,"Deans",-73,0.02370614,0.787488222,21,0,1,27.34706879,0.026029749,1,5.872378349,1.53e-12,0.861122012,20.18408775,0.018714249,0.187060013,TRUE
216,216,"IO329","Aplodactylidae Aplodactylus westralis",0,"Aplodactylidae","Aplodactylus","westralis","2020-10_south-west_stereo-BRUVs","IO","MBH",-34.06481667,114.7266333,20201023,"7:18:00",NA,NA,NA,121,"Rachel","Yes",NA,"2020-10_south-west_stereo-BRUVs.IO329","Aplodactylidae Aplodactylus westralis","Aplodactylus westralis",164,"14","C.IO.13","329","1",114.7266333,-34.06481667,"Deans",-119,0.008138793,4.188765049,5,-0.625,16,-8.226331711,0.00561335,16,1.268767715,-0.625,3.960022449,20.28408813,0.018714249,0.157060027,TRUE
217,217,"IO330","Aplodactylidae Aplodactylus westralis",0,"Aplodactylidae","Aplodactylus","westralis","2020-10_south-west_stereo-BRUVs","IO","MBH",-34.08833333,114.7545,20201022,"13:00:00",NA,NA,NA,116,"Rachel","Yes","Yes","2020-10_south-west_stereo-BRUVs.IO330","Aplodactylidae Aplodactylus westralis","Aplodactylus westralis",145,"13","C.IO.12","330","1",114.7545,-34.08833333,"Deans",-106,0.013140687,4.85046339,7,-1.625,16,-2.062368393,0.010270012,16,2.301060438,-1.625,4.912584305,20.23408699,0.018714249,0.187060013,TRUE
218,218,"IO331","Aplodactylidae Aplodactylus westralis",0,"Aplodactylidae","Aplodactylus","westralis","2020-10_south-west_stereo-BRUVs","IO","MBH",-34.0984,114.75005,20201022,"12:30:00",NA,NA,NA,112,"Rachel","Yes",NA,"2020-10_south-west_stereo-BRUVs.IO331","Aplodactylidae Aplodactylus westralis","Aplodactylus westralis",139,"12","C.IO.11","331","1",114.75005,-34.0984,"Deans",-113,0.013121755,4.397060871,8,-0.375,16,-7.443683624,0.01026717,16,1.848724842,-0.375,4.329493999,20.24408722,0.018714249,0.187060013,TRUE
219,219,"IO332","Aplodactylidae Aplodactylus westralis",0,"Aplodactylidae","Aplodactylus","westralis","2020-10_south-west_stereo-BRUVs","IO","MBH",-34.09718333,114.7344833,20201022,"10:33:00",NA,NA,NA,124,"Rachel","Yes",NA,"2020-10_south-west_stereo-BRUVs.IO332","Aplodactylidae Aplodactylus westralis","Aplodactylus westralis",135,"11","C.IO.10","332","1",114.7344833,-34.09718333,"Deans",-121,0.005717541,4.390514374,4,-0.125,16,-11.42723751,0.00293165,16,0.614871144,-0.125,4.145187855,20.28408813,0.018714249,0.197060019,TRUE
220,220,"IO333","Aplodactylidae Aplodactylus westralis",0,"Aplodactylidae","Aplodactylus","westralis","2020-10_south-west_stereo-BRUVs","IO","MBH",-34.11301667,114.7251333,20201022,"10:01:00",NA,NA,NA,127,"Rachel","Yes",NA,"2020-10_south-west_stereo-BRUVs.IO333","Aplodactylidae Aplodactylus westralis","Aplodactylus westralis",120,"10","C.IO.9","333","1",114.7251333,-34.11301667,"Deans",-127,0.003824372,4.593874454,2,0.125,16,-14.93462563,0.000873355,16,0.284914106,0.125,4.459460258,20.27408791,0.018714249,0.187060013,TRUE
221,221,"IO334","Aplodactylidae Aplodactylus westralis",0,"Aplodactylidae","Aplodactylus","westralis","2020-10_south-west_stereo-BRUVs","IO","MBH",-34.06155,114.7753667,20201015,"10:11:00",NA,NA,NA,64,"Hayley","Yes",NA,"2020-10_south-west_stereo-BRUVs.IO334","Aplodactylidae Aplodactylus westralis","Aplodactylus westralis",475,"8","C.IO.8","334","1",114.7753667,-34.06155,"Deans",-62,0.005496582,4.547106266,4,0.75,16,35.10564804,0.002560953,16,0.893767774,0.75,4.447391033,20.18408775,0.018714249,0.177060023,TRUE
222,222,"IO335","Aplodactylidae Aplodactylus westralis",0,"Aplodactylidae","Aplodactylus","westralis","2020-10_south-west_stereo-BRUVs","IO","MBH",-34.06686667,114.7939833,20201015,"10:31:00",NA,NA,NA,58,"Hayley","Yes",NA,"2020-10_south-west_stereo-BRUVs.IO335","Aplodactylidae Aplodactylus westralis","Aplodactylus westralis",455,"7","C.IO.7","335","1",114.7939833,-34.06686667,"Deans",-56,0.005421996,4.712388992,4,0,16,36.47361374,0.002482721,16,0.909914076,-1.38e-12,4.806632996,20.12408829,0.018714249,0.177060023,TRUE
225,225,"IO339","Aplodactylidae Aplodactylus westralis",1,"Aplodactylidae","Aplodactylus","westralis","2020-10_south-west_stereo-BRUVs","IO","MBH",-34.01461667,114.8785,20201019,"9:41:00",NA,NA,NA,41.1,"Daphne","Yes","Yes","2020-10_south-west_stereo-BRUVs.IO339","Aplodactylidae Aplodactylus westralis","Aplodactylus westralis",225,"21","C.IO.19","339","1",114.8785,-34.01461667,"Deans",-42,6.94e-18,1.570796371,0,0,2,25.99148178,0.002957748,1,0.526275158,-3.55e-15,1.491723061,19.87408829,0.018714249,0.167060018,TRUE
226,226,"IO34","Aplodactylidae Aplodactylus westralis",0,"Aplodactylidae","Aplodactylus","westralis","2020-10_south-west_stereo-BRUVs","IO","MBH",-34.06118897,114.8713721,20201016,"8:02:00",NA,NA,NA,41.3,"Brooke Gibbons","Yes",NA,"2020-10_south-west_stereo-BRUVs.IO34","Aplodactylidae Aplodactylus westralis","Aplodactylus westralis",154,"1366","C.IO.35","34","1",114.8713721,-34.06118897,"MBH",-40,6.94e-18,4.712388992,0,0,128,31.25911713,0.002959394,1,0.526275158,-1.45e-12,1.491767049,19.89408684,0.018714249,0.157060027,TRUE
232,232,"IO353","Aplodactylidae Aplodactylus westralis",0,"Aplodactylidae","Aplodactylus","westralis","2020-10_south-west_stereo-BRUVs","IO","MBH",-34.05436667,114.8390667,20201015,"14:43:00",NA,NA,NA,44.1,"Hayley","Yes",NA,"2020-10_south-west_stereo-BRUVs.IO353","Aplodactylidae Aplodactylus westralis","Aplodactylus westralis",397,"5","C.IO.5","353","1",114.8390667,-34.05436667,"Deans",-44,0.002168496,4.712388992,1,-0.375,4,35.90759659,0.000815585,64,0.391146332,-0.375,1.280262113,19.94408798,0.018714249,0.187060013,TRUE
233,233,"IO354","Aplodactylidae Aplodactylus westralis",0,"Aplodactylidae","Aplodactylus","westralis","2020-10_south-west_stereo-BRUVs","IO","MBH",-34.06605,114.84,20201015,"14:29:00",NA,NA,NA,45,"Brooke Gibbons","Yes",NA,"2020-10_south-west_stereo-BRUVs.IO354","Aplodactylidae Aplodactylus westralis","Aplodactylus westralis",354,"4","C.IO.4","354","1",114.84,-34.06605,"Deans",-44,0.001688295,4.441244125,1,-0.25,64,36.23052216,0.001341644,2,0.420042962,-0.25,1.734421611,19.96408844,0.018714249,0.157060027,TRUE
234,234,"IO355","Aplodactylidae Aplodactylus westralis",0,"Aplodactylidae","Aplodactylus","westralis","2020-10_south-west_stereo-BRUVs","IO","MBH",-34.05473333,114.9111,20201029,"10:38:00",NA,NA,NA,45,"Rachel","Yes","Yes","2020-10_south-west_stereo-BRUVs.IO355","Aplodactylidae Aplodactylus westralis","Aplodactylus westralis",276,"3","C.IO.3","355","1",114.9111,-34.05473333,"Deans",-46,0.004699018,1.9659127,3,-0.375,1,14.18261337,0.007455056,1,1.385128856,-0.375,1.783676505,19.75408745,0.018714249,0.197060019,TRUE
235,235,"IO356","Aplodactylidae Aplodactylus westralis",0,"Aplodactylidae","Aplodactylus","westralis","2020-10_south-west_stereo-BRUVs","IO","MBH",-34.06956667,114.9184667,20201016,"12:39:00",NA,NA,NA,46.8,"Claude","Yes","Yes","2020-10_south-west_stereo-BRUVs.IO356","Aplodactylidae Aplodactylus westralis","Aplodactylus westralis",212,"2","C.IO.2","356","1",114.9184667,-34.06956667,"Deans",-47,0.000706027,0.875694573,1,-0.125,128,11.52960968,0.00355933,1,0.651275158,-0.125,1.376901984,19.72408676,0.018714249,0.277060032,TRUE
236,236,"IO357","Aplodactylidae Aplodactylus westralis",0,"Aplodactylidae","Aplodactylus","westralis","2020-10_south-west_stereo-BRUVs","IO","MBH",-34.08496667,114.928,20201016,"12:08:00",NA,NA,NA,45.9,"Hayley","Yes",NA,"2020-10_south-west_stereo-BRUVs.IO357","Aplodactylidae Aplodactylus westralis","Aplodactylus westralis",118,"1","C.IO.1","357","1",114.928,-34.08496667,"Deans",-44,0.003253986,4.712388992,3,-0.375,32,12.26101971,0.000382585,32,0.487249702,-0.375,5.369304657,19.76408768,0.018714249,0.22706002,TRUE
241,241,"IO365","Aplodactylidae Aplodactylus westralis",0,"Aplodactylidae","Aplodactylus","westralis","2020-10_south-west_stereo-BRUVs","IO","MBH",-34.02368897,114.7538721,20201015,"8:23:00",NA,NA,NA,73.7,"Brooke Gibbons","Yes",NA,"2020-10_south-west_stereo-BRUVs.IO365","Aplodactylidae Aplodactylus westralis","Aplodactylus westralis",488,NA,NA,"365",NA,114.7538721,-34.02368897,"Legacy",-80,0.02129313,4.970025539,14,-0.375,16,22.25841331,0.018528013,16,3.381017447,-0.375,5.022789955,20.22408676,0.018714249,0.217060015,TRUE
249,249,"IO4","Aplodactylidae Aplodactylus westralis",0,"Aplodactylidae","Aplodactylus","westralis","2020-10_south-west_stereo-BRUVs","IO","MBH",-34.09118897,114.7813721,20201015,"12:17:00",NA,NA,NA,65.6,"Hayley","Yes",NA,"2020-10_south-west_stereo-BRUVs.IO4","Aplodactylidae Aplodactylus westralis","Aplodactylus westralis",263,"2731","C.IO.43","4","1",114.7813721,-34.09118897,"MBH",-64,0.00740424,5.022694588,4,0.25,16,32.52032852,0.004798817,16,1.006017447,0.25,5.25903368,20.14408684,0.018714249,0.167060018,TRUE
254,254,"IO5","Aplodactylidae Aplodactylus westralis",0,"Aplodactylidae","Aplodactylus","westralis","2020-10_south-west_stereo-BRUVs","IO","MBH",-34.08868897,114.7763721,20201015,"12:12:00",NA,NA,NA,66.7,"Claude","Yes","Yes","2020-10_south-west_stereo-BRUVs.IO5","Aplodactylidae Aplodactylus westralis","Aplodactylus westralis",266,"2731","C.IO.43","5","1",114.7763721,-34.08868897,"MBH",-69,0.01193111,4.712388992,6,-0.5,16,28.81608582,0.008983349,16,1.739871144,-0.5,4.738399029,20.18408775,0.018714249,0.177060023,TRUE
257,257,"IO62","Aplodactylidae Aplodactylus westralis",0,"Aplodactylidae","Aplodactylus","westralis","2020-10_south-west_stereo-BRUVs","IO","MBH",-34.13368897,114.7663721,20201022,"7:45:00",NA,NA,NA,105,"Brooke Gibbons","Yes","Yes","2020-10_south-west_stereo-BRUVs.IO62","Aplodactylidae Aplodactylus westralis","Aplodactylus westralis",469,"7325","C.IO.69","62","1",114.7663721,-34.13368897,"MBH",-106,0.015471291,4.385102272,9,-0.875,16,-4.300692081,0.012621798,16,2.348724842,-0.875,4.327396393,20.21408844,0.018714249,0.177060023,TRUE
260,260,"IO66","Aplodactylidae Aplodactylus westralis",0,"Aplodactylidae","Aplodactylus","westralis","2020-10_south-west_stereo-BRUVs","IO","MBH",-34.01618897,114.8813721,20201019,"9:36:00",NA,NA,NA,42.8,"Rachel","Yes",NA,"2020-10_south-west_stereo-BRUVs.IO66","Aplodactylidae Aplodactylus westralis","Aplodactylus westralis",224,"21","C.IO.19","66","1",114.8813721,-34.01618897,"MBH",-42,3.47e-18,4.712388992,0,0,128,25.37589455,0.002957834,1,0.526275158,-6.39e-14,1.491725326,19.80408669,0.018714249,0.157060027,TRUE
262,262,"IO72","Aplodactylidae Aplodactylus westralis",0,"Aplodactylidae","Aplodactylus","westralis","2020-10_south-west_stereo-BRUVs","IO","MBH",-34.03618897,114.8463721,20201019,"9:05:00",NA,NA,NA,43.6,"Ramesh","Yes",NA,"2020-10_south-west_stereo-BRUVs.IO72","Aplodactylidae Aplodactylus westralis","Aplodactylus westralis",401,"5099","C.IO.60","72","1",114.8463721,-34.03618897,"MBH",-43,0.002168049,4.712388992,1,-0.375,8,34.41498184,0.000815431,64,0.391146332,-0.375,1.280205488,19.94408798,0.018714249,0.167060018,TRUE
263,263,"IO73","Aplodactylidae Aplodactylus westralis",0,"Aplodactylidae","Aplodactylus","westralis","2020-10_south-west_stereo-BRUVs","IO",NA,-34.02868897,114.8588721,20201019,"9:22:00",NA,NA,NA,40.4,"Ramesh","Yes","No","2020-10_south-west_stereo-BRUVs.IO73","Aplodactylidae Aplodactylus westralis","Aplodactylus westralis",399,"5099","C.IO.60","73","1",114.8588721,-34.02868897,"MBH",-41,6.94e-18,4.712388992,0,0,128,32.82036972,0.002958267,1,0.526275158,6.39e-14,1.491736889,19.87408829,0.018714249,0.187060013,TRUE
264,264,"IO74","Aplodactylidae Aplodactylus westralis",0,"Aplodactylidae","Aplodactylus","westralis","2020-10_south-west_stereo-BRUVs","IO","MBH",-34.02868897,114.8513721,20201019,"9:14:00",NA,NA,NA,42.2,"Rachel","Yes",NA,"2020-10_south-west_stereo-BRUVs.IO74","Aplodactylidae Aplodactylus westralis","Aplodactylus westralis",400,"5099","C.IO.60","74","1",114.8513721,-34.02868897,"MBH",-42,0.001687602,4.9836483,1,0.25,16,33.86088181,0.001490317,1,0.452335596,0.25,1.092593908,19.94408798,0.018714249,0.167060018,TRUE
265,265,"IO75","Aplodactylidae Aplodactylus westralis",0,"Aplodactylidae","Aplodactylus","westralis","2020-10_south-west_stereo-BRUVs","IO","MBH",-34.03368897,114.8538721,20201019,"9:10:00",NA,NA,NA,42.2,"Rachel","Yes",NA,"2020-10_south-west_stereo-BRUVs.IO75","Aplodactylidae Aplodactylus westralis","Aplodactylus westralis",398,"5099","C.IO.60","75","1",114.8538721,-34.03368897,"MBH",-42,0.002167985,4.712388992,1,-0.375,64,33.30988312,0.000815409,64,0.391146332,-0.375,1.280197382,19.94408798,0.018714249,0.167060018,TRUE
266,266,"IO80","Aplodactylidae Aplodactylus westralis",0,"Aplodactylidae","Aplodactylus","westralis","2020-10_south-west_stereo-BRUVs","IO","MBH",-34.09368897,114.8888721,20201016,"10:30:00",NA,NA,NA,41.6,"Hayley","Yes",NA,"2020-10_south-west_stereo-BRUVs.IO80","Aplodactylidae Aplodactylus westralis","Aplodactylus westralis",340,"3974","C.IO.52","80","1",114.8888721,-34.09368897,"MBH",-42,0.00216952,1.570796371,1,-0.375,128,25.33752441,0.005126104,1,0.901275158,-0.375,1.525203228,19.83408737,0.018714249,0.197060019,TRUE
267,267,"IO81","Aplodactylidae Aplodactylus westralis",0,"Aplodactylidae","Aplodactylus","westralis","2020-10_south-west_stereo-BRUVs","IO","MBH",-34.09868897,114.8913721,20201016,"10:20:00",NA,NA,NA,42,"Hayley","Yes",NA,"2020-10_south-west_stereo-BRUVs.IO81","Aplodactylidae Aplodactylus westralis","Aplodactylus westralis",342,"3974","C.IO.52","81","1",114.8913721,-34.09868897,"MBH",-42,0.001688897,1.299750209,1,-0.25,1,24.78652382,0.004629756,1,0.776275158,-0.25,1.422116995,19.85408783,0.018714249,0.197060019,TRUE
268,268,"IO91","Aplodactylidae Aplodactylus westralis",0,"Aplodactylidae","Aplodactylus","westralis","2020-10_south-west_stereo-BRUVs","IO","MBH",-34.09368897,114.8938721,20201016,"10:25:00",NA,NA,NA,43.5,"Hayley","Yes",NA,"2020-10_south-west_stereo-BRUVs.IO91","Aplodactylidae Aplodactylus westralis","Aplodactylus westralis",345,"3974","C.IO.52","91","1",114.8938721,-34.09368897,"MBH",-42,3.47e-18,1.570796371,0,0,128,23.97718048,0.002960522,1,0.526275158,0,1.491797328,19.83408737,0.018714249,0.197060019,TRUE
269,269,"IO92","Aplodactylidae Aplodactylus westralis",0,"Aplodactylidae","Aplodactylus","westralis","2020-10_south-west_stereo-BRUVs","IO","MBH",-34.09868897,114.8863721,20201016,"10:16:00",NA,NA,NA,42.3,"Brooke Gibbons","Yes",NA,"2020-10_south-west_stereo-BRUVs.IO92","Aplodactylidae Aplodactylus westralis","Aplodactylus westralis",344,"3974","C.IO.52","92","1",114.8863721,-34.09868897,"MBH",-41,0.000706175,0.875868857,1,0.125,128,27.14686584,0.003560544,1,0.651275158,0.125,1.37696898,19.85408783,0.018714249,0.197060019,TRUE
273,273,"IOC04","Aplodactylidae Aplodactylus westralis",0,"Aplodactylidae","Aplodactylus","westralis","2020-10_south-west_stereo-BRUVs","IO","Captains pick",-34.08755,114.749265,20201022,"13:16:00",NA,NA,NA,109,"Rachel","Yes","Yes","2020-10_south-west_stereo-BRUVs.IOC04","Aplodactylidae Aplodactylus westralis","Aplodactylus westralis",NA,NA,NA,NA,NA,NA,NA,NA,-111,0.011820442,4.983465672,7,-1,16,-5.702024937,0.009096782,16,1.756017447,-1,5.095308781,20.23408699,0.018714249,0.187060013,TRUE
274,274,"IOC05","Aplodactylidae Aplodactylus westralis",0,"Aplodactylidae","Aplodactylus","westralis","2020-10_south-west_stereo-BRUVs","IO","Captains pick",-34.05394,114.899843,20201029,"10:46:00",NA,NA,NA,43.2,"Rachel","Yes","Yes","2020-10_south-west_stereo-BRUVs.IOC05","Aplodactylidae Aplodactylus westralis","Aplodactylus westralis",NA,NA,NA,NA,NA,NA,NA,NA,-43,0.002168496,1.570796371,2,0,1,20.5834713,0.005123689,1,0.776275158,1.44e-12,1.52518177,19.75408745,0.018714249,0.197060019,TRUE
275,275,"IOC06","Aplodactylidae Aplodactylus westralis",0,"Aplodactylidae","Aplodactylus","westralis","2020-10_south-west_stereo-BRUVs","IO","Captains pick",-34.048689,114.876372,20201016,"7:48:00",NA,NA,NA,41.5,"Ramesh","Yes",NA,"2020-10_south-west_stereo-BRUVs.IOC06","Aplodactylidae Aplodactylus westralis","Aplodactylus westralis",NA,NA,NA,NA,NA,NA,NA,NA,-42,0.001687972,1.299597979,1,-0.25,2,27.57584763,0.004627084,1,0.776275158,-0.25,1.422030449,19.88408661,0.018714249,0.157060027,TRUE
